label	remaining_run_sandboxes	remaining_run_shims	tap_ready	tap_links	tap_pool	tap_abnormal	tap_quarantined
1u-tpl-c72232c980e34baa8115d380-r1	0	0	1	1000	984	0	0
1u-tpl-c72232c980e34baa8115d380-r2	0	0	1	1000	984	0	0
1u-tpl-c72232c980e34baa8115d380-r3	0	0	1	1000	984	0	0
1u-tpl-c72232c980e34baa8115d380-r4	0	0	1	1000	984	0	0
1u-tpl-c72232c980e34baa8115d380-r5	0	0	1	1000	984	0	0
1u-tpl-c72232c980e34baa8115d380-r6	0	0	1	1000	984	0	0
1u-tpl-08b4c6aa2c4a428599909f36-r1	0	0	1	1000	984	0	0
1u-tpl-08b4c6aa2c4a428599909f36-r2	0	0	1	1000	984	0	0
1u-tpl-08b4c6aa2c4a428599909f36-r3	0	0	1	1000	984	0	0
1u-tpl-08b4c6aa2c4a428599909f36-r4	0	0	1	1000	984	0	0
1u-tpl-08b4c6aa2c4a428599909f36-r5	0	0	1	1000	984	0	0
1u-tpl-08b4c6aa2c4a428599909f36-r6	0	0	1	1000	984	0	0
1u-tpl-88fbbfff787b4a598f68a3a5-r1	0	0	1	1000	984	0	0
1u-tpl-88fbbfff787b4a598f68a3a5-r2	0	0	1	1000	984	0	0
1u-tpl-88fbbfff787b4a598f68a3a5-r3	0	0	1	1000	984	0	0
1u-tpl-88fbbfff787b4a598f68a3a5-r4	0	0	1	1000	984	0	0
1u-tpl-88fbbfff787b4a598f68a3a5-r5	0	0	1	1000	984	0	0
1u-tpl-88fbbfff787b4a598f68a3a5-r6	0	0	1	1000	984	0	0
1u-tpl-a8671dd44f47451faa0f7556-r1	0	0	1	1000	984	0	0
1u-tpl-a8671dd44f47451faa0f7556-r2	0	0	1	1000	984	0	0
1u-tpl-a8671dd44f47451faa0f7556-r3	0	0	1	1000	984	0	0
1u-tpl-a8671dd44f47451faa0f7556-r4	0	0	1	1000	984	0	0
1u-tpl-a8671dd44f47451faa0f7556-r5	0	0	1	1000	984	0	0
1u-tpl-a8671dd44f47451faa0f7556-r6	0	0	1	1000	984	0	0
1u-tpl-220d50f73b8e4d7ba75aebb8-r1	0	0	1	1000	984	0	0
1u-tpl-220d50f73b8e4d7ba75aebb8-r2	0	0	1	1000	984	0	0
1u-tpl-220d50f73b8e4d7ba75aebb8-r3	0	0	1	1000	984	0	0
1u-tpl-220d50f73b8e4d7ba75aebb8-r4	0	0	1	1000	984	0	0
1u-tpl-220d50f73b8e4d7ba75aebb8-r5	0	0	1	1000	984	0	0
1u-tpl-220d50f73b8e4d7ba75aebb8-r6	0	0	1	1000	984	0	0
2u-tpl-df5225981b9f4304bc9cc055-r1	0	0	1	1000	984	0	0
2u-tpl-df5225981b9f4304bc9cc055-r2	0	0	1	1000	984	0	0
2u-tpl-df5225981b9f4304bc9cc055-r3	0	0	1	1000	984	0	0
2u-tpl-df5225981b9f4304bc9cc055-r4	0	0	1	1000	984	0	0
2u-tpl-df5225981b9f4304bc9cc055-r5	0	0	1	1000	984	0	0
2u-tpl-df5225981b9f4304bc9cc055-r6	0	0	1	1000	984	0	0
2u-tpl-c913ed48ab5f4813b3628546-r1	0	0	1	1000	984	0	0
2u-tpl-c913ed48ab5f4813b3628546-r2	0	0	1	1000	984	0	0
2u-tpl-c913ed48ab5f4813b3628546-r3	0	0	1	1000	984	0	0
2u-tpl-c913ed48ab5f4813b3628546-r4	0	0	1	1000	984	0	0
2u-tpl-c913ed48ab5f4813b3628546-r5	0	0	1	1000	984	0	0
2u-tpl-c913ed48ab5f4813b3628546-r6	0	0	1	1000	984	0	0
2u-tpl-5b07eb1c7c2b405a9979b6bb-r1	0	0	1	1000	984	0	0
2u-tpl-5b07eb1c7c2b405a9979b6bb-r2	0	0	1	1000	984	0	0
2u-tpl-5b07eb1c7c2b405a9979b6bb-r3	0	0	1	1000	984	0	0
2u-tpl-5b07eb1c7c2b405a9979b6bb-r4	0	0	1	1000	984	0	0
2u-tpl-5b07eb1c7c2b405a9979b6bb-r5	0	0	1	1000	984	0	0
2u-tpl-5b07eb1c7c2b405a9979b6bb-r6	0	0	1	1000	984	0	0
2u-tpl-84ed2cde8b554cb591e4b825-r1	0	0	1	1000	984	0	0
2u-tpl-84ed2cde8b554cb591e4b825-r2	0	0	1	1000	984	0	0
2u-tpl-84ed2cde8b554cb591e4b825-r3	0	0	1	1000	984	0	0
2u-tpl-84ed2cde8b554cb591e4b825-r4	0	0	1	1000	984	0	0
2u-tpl-84ed2cde8b554cb591e4b825-r5	0	0	1	1000	984	0	0
2u-tpl-84ed2cde8b554cb591e4b825-r6	0	0	1	1000	984	0	0
2u-tpl-a950b47b1f414306998e6baa-r1	0	0	1	1000	984	0	0
2u-tpl-a950b47b1f414306998e6baa-r2	0	0	1	1000	984	0	0
2u-tpl-a950b47b1f414306998e6baa-r3	0	0	1	1000	984	0	0
2u-tpl-a950b47b1f414306998e6baa-r4	0	0	1	1000	984	0	0
2u-tpl-a950b47b1f414306998e6baa-r5	0	0	1	1000	984	0	0
2u-tpl-a950b47b1f414306998e6baa-r6	0	0	1	1000	984	0	0
3u-tpl-1e61913c830f401ea57acf62-r1	0	0	1	1000	984	0	0
3u-tpl-1e61913c830f401ea57acf62-r2	0	0	1	1000	984	0	0
3u-tpl-1e61913c830f401ea57acf62-r3	0	0	1	1000	984	0	0
3u-tpl-1e61913c830f401ea57acf62-r4	0	0	1	1000	984	0	0
3u-tpl-1e61913c830f401ea57acf62-r5	0	0	1	1000	984	0	0
3u-tpl-1e61913c830f401ea57acf62-r6	0	0	1	1000	984	0	0
3u-tpl-0c7fdf487d56413280224e0b-r1	0	0	1	1000	984	0	0
3u-tpl-0c7fdf487d56413280224e0b-r2	0	0	1	1000	984	0	0
3u-tpl-0c7fdf487d56413280224e0b-r3	0	0	1	1000	984	0	0
3u-tpl-0c7fdf487d56413280224e0b-r4	0	0	1	1000	984	0	0
3u-tpl-0c7fdf487d56413280224e0b-r5	0	0	1	1000	984	0	0
3u-tpl-0c7fdf487d56413280224e0b-r6	0	0	1	1000	984	0	0
3u-tpl-e9cc8f3f845a4f7fb1117dc4-r1	0	0	1	1000	984	0	0
3u-tpl-e9cc8f3f845a4f7fb1117dc4-r2	0	0	1	1000	984	0	0
3u-tpl-e9cc8f3f845a4f7fb1117dc4-r3	0	0	1	1000	984	0	0
3u-tpl-e9cc8f3f845a4f7fb1117dc4-r4	0	0	1	1000	984	0	0
3u-tpl-e9cc8f3f845a4f7fb1117dc4-r5	0	0	1	1000	984	0	0
3u-tpl-e9cc8f3f845a4f7fb1117dc4-r6	0	0	1	1000	984	0	0
3u-tpl-6c6aea065a9348f984f2424f-r1	0	0	1	1000	984	0	0
3u-tpl-6c6aea065a9348f984f2424f-r2	0	0	1	1000	984	0	0
3u-tpl-6c6aea065a9348f984f2424f-r3	0	0	1	1000	984	0	0
3u-tpl-6c6aea065a9348f984f2424f-r4	0	0	1	1000	984	0	0
3u-tpl-6c6aea065a9348f984f2424f-r5	0	0	1	1000	984	0	0
3u-tpl-6c6aea065a9348f984f2424f-r6	0	0	1	1000	984	0	0
3u-tpl-0e55827a37ab4058849ff182-r1	0	0	1	1000	984	0	0
3u-tpl-0e55827a37ab4058849ff182-r2	0	0	1	1000	984	0	0
3u-tpl-0e55827a37ab4058849ff182-r3	0	0	1	1000	984	0	0
3u-tpl-0e55827a37ab4058849ff182-r4	0	0	1	1000	984	0	0
3u-tpl-0e55827a37ab4058849ff182-r5	0	0	1	1000	984	0	0
3u-tpl-0e55827a37ab4058849ff182-r6	0	0	1	1000	984	0	0
4u-tpl-3963006c91d84baaba4aea43-r1	0	0	1	1000	984	0	0
4u-tpl-3963006c91d84baaba4aea43-r2	0	0	1	1000	984	0	0
4u-tpl-3963006c91d84baaba4aea43-r3	0	0	1	1000	984	0	0
4u-tpl-3963006c91d84baaba4aea43-r4	0	0	1	1000	984	0	0
4u-tpl-3963006c91d84baaba4aea43-r5	0	0	1	1000	984	0	0
4u-tpl-3963006c91d84baaba4aea43-r6	0	0	1	1000	984	0	0
4u-tpl-8d2ed1c6017b4901af66d7b0-r1	0	0	1	1000	984	0	0
4u-tpl-8d2ed1c6017b4901af66d7b0-r2	0	0	1	1000	984	0	0
4u-tpl-8d2ed1c6017b4901af66d7b0-r3	0	0	1	1000	984	0	0
4u-tpl-8d2ed1c6017b4901af66d7b0-r4	0	0	1	1000	984	0	0
4u-tpl-8d2ed1c6017b4901af66d7b0-r5	0	0	1	1000	984	0	0
4u-tpl-8d2ed1c6017b4901af66d7b0-r6	0	0	1	1000	984	0	0
4u-tpl-90522c835ea844c6a46ce9fa-r1	0	0	1	1000	984	0	0
4u-tpl-90522c835ea844c6a46ce9fa-r2	0	0	1	1000	984	0	0
4u-tpl-90522c835ea844c6a46ce9fa-r3	0	0	1	1000	984	0	0
4u-tpl-90522c835ea844c6a46ce9fa-r4	0	0	1	1000	984	0	0
4u-tpl-90522c835ea844c6a46ce9fa-r5	0	0	1	1000	984	0	0
4u-tpl-90522c835ea844c6a46ce9fa-r6	0	0	1	1000	984	0	0
4u-tpl-cfd915a64e2d49808f0ef4b9-r1	0	0	1	1000	984	0	0
4u-tpl-cfd915a64e2d49808f0ef4b9-r2	0	0	1	1000	984	0	0
4u-tpl-cfd915a64e2d49808f0ef4b9-r3	0	0	1	1000	984	0	0
4u-tpl-cfd915a64e2d49808f0ef4b9-r4	0	0	1	1000	984	0	0
4u-tpl-cfd915a64e2d49808f0ef4b9-r5	0	0	1	1000	984	0	0
4u-tpl-cfd915a64e2d49808f0ef4b9-r6	0	0	1	1000	984	0	0
4u-tpl-1aff9e6994f7410f829c8fb0-r1	0	0	1	1000	984	0	0
4u-tpl-1aff9e6994f7410f829c8fb0-r2	0	0	1	1000	984	0	0
4u-tpl-1aff9e6994f7410f829c8fb0-r3	0	0	1	1000	984	0	0
4u-tpl-1aff9e6994f7410f829c8fb0-r4	0	0	1	1000	984	0	0
4u-tpl-1aff9e6994f7410f829c8fb0-r5	0	0	1	1000	984	0	0
4u-tpl-1aff9e6994f7410f829c8fb0-r6	0	0	1	1000	984	0	0
5u-tpl-1883ff0a2e464b418f0e2846-r1	0	0	1	1000	984	0	0
5u-tpl-1883ff0a2e464b418f0e2846-r2	0	0	1	1000	984	0	0
5u-tpl-1883ff0a2e464b418f0e2846-r3	0	0	1	1000	984	0	0
5u-tpl-1883ff0a2e464b418f0e2846-r4	0	0	1	1000	984	0	0
5u-tpl-1883ff0a2e464b418f0e2846-r5	0	0	1	1000	984	0	0
5u-tpl-1883ff0a2e464b418f0e2846-r6	0	0	1	1000	984	0	0
5u-tpl-ade04ca479b84695a469e0cc-r1	0	0	1	1000	984	0	0
5u-tpl-ade04ca479b84695a469e0cc-r2	0	0	1	1000	984	0	0
5u-tpl-ade04ca479b84695a469e0cc-r3	0	0	1	1000	984	0	0
5u-tpl-ade04ca479b84695a469e0cc-r4	0	0	1	1000	984	0	0
5u-tpl-ade04ca479b84695a469e0cc-r5	0	0	1	1000	984	0	0
5u-tpl-ade04ca479b84695a469e0cc-r6	0	0	1	1000	984	0	0
5u-tpl-3317a8932e1149d38ab7cb28-r1	0	0	1	1000	984	0	0
5u-tpl-3317a8932e1149d38ab7cb28-r2	0	0	1	1000	984	0	0
5u-tpl-3317a8932e1149d38ab7cb28-r3	0	0	1	1000	984	0	0
5u-tpl-3317a8932e1149d38ab7cb28-r4	0	0	1	1000	984	0	0
5u-tpl-3317a8932e1149d38ab7cb28-r5	0	0	1	1000	984	0	0
5u-tpl-3317a8932e1149d38ab7cb28-r6	0	0	1	1000	984	0	0
5u-tpl-708865c050514494ba15cb11-r1	0	0	1	1000	984	0	0
5u-tpl-708865c050514494ba15cb11-r2	0	0	1	1000	984	0	0
5u-tpl-708865c050514494ba15cb11-r3	0	0	1	1000	984	0	0
5u-tpl-708865c050514494ba15cb11-r4	0	0	1	1000	984	0	0
5u-tpl-708865c050514494ba15cb11-r5	0	0	1	1000	984	0	0
5u-tpl-708865c050514494ba15cb11-r6	0	0	1	1000	984	0	0
5u-tpl-a4ebde2bc0344f0a9d7a4f14-r1	0	0	1	1000	984	0	0
5u-tpl-a4ebde2bc0344f0a9d7a4f14-r2	0	0	1	1000	984	0	0
5u-tpl-a4ebde2bc0344f0a9d7a4f14-r3	0	0	1	1000	984	0	0
5u-tpl-a4ebde2bc0344f0a9d7a4f14-r4	0	0	1	1000	984	0	0
5u-tpl-a4ebde2bc0344f0a9d7a4f14-r5	0	0	1	1000	984	0	0
5u-tpl-a4ebde2bc0344f0a9d7a4f14-r6	0	0	1	1000	984	0	0
